1000,流動資産,流動資産,Asset,,,Yes,,
1100,当座資産,当座資産,Asset,,,Yes,,1000
1110,現金及び預金,現金及び預金,Asset,,,Yes,,1100
1111,現金,小口現金科目は出納帳毎に作成する事を想定している。,Asset,,,Yes,,1110
1111-01,現金_本社(JPY),本社用の小口現金。現金資産科目（CB_ASSET_ACCT）のデフォルト科目。,Asset,,,No,CB_ASSET_ACCT,1111
1112,当座預金,当座預金の科目は口座毎に作成する事を想定している。,Asset,,,Yes,,1110
1112-01,当座預金-りそな-神田-7654321,実運用の際には設定を修正する事。,Asset,,,No,,1112
1113,普通預金,普通預金の科目は口座毎に作成する事を想定している。,Asset,,,Yes,,1110
1113-01,普通預金-りそな-神田-1234567,実運用の際には設定を修正する事。銀行資産科目（B_ASSET_ACCT）のデフォルト科目。,Asset,,,No,B_ASSET_ACCT,1113
1114,定期預金,定期預金の科目は口座毎に作成する事を想定している。,Asset,,,Yes,,1110
1114-01,定期預金-りそな-神田-9876543,実運用の際には設定を修正する事。,Asset,,,No,,1114
1120,受取手形,受取手形,Asset,,,Yes,,1100
1121,受取手形,受取手形（関係会社のものを除く）,Asset,,,No,,1120
1127,子会社受取手形,子会社受取手形,Asset,,,No,,1120
1128,その他の関係会社受取手形,その他の関係会社受取手形,Asset,,,No,,1120
1129,貸倒引当金（受取手形）,貸倒引当金（受取手形）,Asset,,,No,,1120
1130,売掛金,売掛金,Asset,,,Yes,,1100
1131,売掛金,自動仕訳（C_RECEIVABLE_ACCT）用売掛金勘定,Asset,,,No,C_RECEIVABLE_ACCT,1130
1132,サービス売掛金,自動仕訳（C_RECEIVABLE_SERVICES_ACCT）用売掛金勘定,Asset,,,No,C_RECEIVABLE_SERVICES_ACCT,1130
1137,子会社売掛金,子会社売掛金,Asset,,,No,,1130
1138,その他の関係会社売掛金,その他の関係会社売掛金,Asset,,,No,,1130
1139,貸倒引当金（売掛金）,貸倒引当金（売掛金）,Asset,,,No,,1130
1140,有価証券,有価証券,Asset,,,Yes,,1100
1141,有価証券,有価証券,Asset,,,No,,1140
1150,自己株式,自己株式,Asset,,,Yes,,1100
1151,自己株式,自己株式,Asset,,,No,,1150
1160,親会社株式,親会社株式,Asset,,,Yes,,1100
1161,親会社株式,親会社株式,Asset,,,No,,1160
1200,棚卸資産,棚卸資産,Asset,,,Yes,,1000
1210,商品,商品,Asset,,,Yes,,1200
1211,商品,商品,Asset,,,No,P_ASSET_ACCT,1210
1220,製品,製品,Asset,,,Yes,,1200
1221,製品,製品,Asset,,,No,,1220
1230,副産物及び作業くず,産物及び作業くず,Asset,,,Yes,,1200
1231,副産物及び作業くず,産物及び作業くず,Asset,,,No,,1230
1240,半製品,半製品,Asset,,,Yes,,1200
1241,半製品,半製品,Asset,,,No,,1240
1250,原材料,原材料,Asset,,,Yes,,1200
1251,原材料,原材料,Asset,,,No,,1250
1260,仕掛品,仕掛品,Asset,,,Yes,,1200
1261,仕掛品,仕掛品,Asset,,,No,,1260
1270,貯蔵品,貯蔵品,Asset,,,Yes,,1200
1271,貯蔵品,貯蔵品,Asset,,,No,,1270
1400,その他流動資産,その他流動資産,Asset,,,Yes,,1000
1410,前渡金,前渡金,Asset,,,Yes,,1400
1411,前渡金,前渡金,Asset,,,No,V_PREPAYMENT_ACCT,1410
1420,前払費用,前払費用,Asset,,,Yes,,1400
1421,前払費用,前払費用（関係会社のものを除く）,Asset,,,No,,1420
1427,子会社前払費用,子会社前払費用,Asset,,,No,,1420
1428,その他の関係会社前払費用,その他の関係会社前払費用,Asset,,,No,,1420
1430,未収収益,未収収益（配当と利息を除く）,Asset,,,Yes,,1400
1431,未収収益,未収収益（関係会社のもの及び配当と利息を除く）,Asset,,,No,,1430
1437,子会社未収収益,子会社未収収益,Asset,,,No,,1430
1438,その他の関係会社未収収益,その他の関係会社未収収益,Asset,,,No,,1430
1440,短期貸付金,短期貸付金,Asset,,,Yes,,1400
1441,短期貸付金,短期貸付金（従業員等及び関係会社のものを除く）,Asset,,,No,,1440
1444,株主及び役員短期貸付金,株主及び役員短期貸付金,Asset,,,No,,1440
1445,従業員短期貸付金,従業員短期貸付金,Asset,,,No,,1440
1446,子会社短期貸付金,子会社短期貸付金,Asset,,,No,,1440
1447,その他の関係会社短期貸付金,その他の関係会社短期貸付金,Asset,,,No,,1440
1449,貸倒引当金（短期貸付金）,貸倒引当金（短期貸付金）,Asset,,,No,,1440
1450,未収入金,利息と配当以外の未収入金,Asset,,,Yes,,1400
1451,未収入金,利息と配当以外の未収入金,Asset,,,No,,1450
1452,サービス未収入金,利息と配当以外の未収入金（商品とサービスで計上したい債務科目を分ける時に使用）,Asset,,,No,,1450
1460,預け金,預け金,Asset,,,Yes,,1400
1461,預け金,預け金,Asset,,,No,,1460
1510,未収配当金,未収配当金,Asset,,,Yes,,1400
1511,未収配当金,未収配当金,Asset,,,No,,1510
1520,未収利息,未払利息,Asset,,,Yes,,1400
1521,未収利息,未払利息,Asset,,,No,,1520
1550,立替金,立替金,Asset,,,Yes,,1400
1551,立替金,立替金,Asset,,,No,,1550
1560,仮払金,仮払金,Asset,,,Yes,,1400
1561,仮払金,仮払金,Asset,,,No,,1560
1580,不渡手形,不渡手形,Asset,,,Yes,,1400
1581,不渡手形,不渡手形,Asset,,,No,,1580
1620,未収還付税金,未収還付法人税,Asset,,,Yes,,1400
1621,未収還付法人税,未収還付法人税,Asset,,,No,,1620
1622,未収還付消費税,未収還付消費税（T_RECEIVABLES_ACCT）,Asset,,,No,T_RECEIVABLES_ACCT,1620
1640,仮払消費税,仮払消費税（T_CREDIT_ACCT）,Asset,,,Yes,,1400
1641,仮払消費税,仮払消費税（T_CREDIT_ACCT）,Asset,,,No,T_CREDIT_ACCT,1640
1650,繰延税金資産,繰延税金資産,Asset,,,Yes,,1400
1651,繰延税金資産,繰延税金資産,Asset,,,No,,1650
1990,貸倒引当金(その他の流動資産）,貸倒引当金（その他の流動資産）,Asset,,,Yes,,1400
1991,貸倒引当金(その他の流動資産）,貸倒引当金（その他の流動資産）,Asset,,,No,,1990
2000,固定資産,固定資産,Asset,,,Yes,,
2100,有形固定資産,有形固定資産,Asset,,,Yes,,2000
2110,建物,建物,Asset,,,Yes,,2100
2111,建物,建物,Asset,,,No,,2110
2120,構築物,構築物,Asset,,,Yes,,2100
2121,構築物,構築物,Asset,,,No,,2120
2130,機械及び装置,機械及び装置,Asset,,,Yes,,2100
2131,機械及び装置,機械及び装置,Asset,,,No,,2130
2140,船舶航空機,船舶航空機,Asset,,,Yes,,2100
2141,船舶航空機,船舶航空機,Asset,,,No,,2140
2150,車両運搬具,車両運搬具,Asset,,,Yes,,2100
2151,車両運搬具,車両運搬具,Asset,,,No,,2150
2160,工具器具備品,工具器具備品,Asset,,,Yes,,2100
2161,工具器具備品,工具器具備品,Asset,,,No,,2160
2210,土地,土地,Asset,,,Yes,,2100
2211,土地,土地,Asset,,,No,,2210
2270,建設仮勘定,建設仮勘定,Asset,,,Yes,,2100
2271,建設仮勘定,建設仮勘定,Asset,,,No,,2270
2290,減価償却累計額,減価償却累計額,Asset,,,Yes,,2100
2119,建物減価償却累計額,建物減価償却累計額,Asset,,,No,,2290
2129,構築物減価償却累計額,構築物減価償却累計額,Asset,,,No,,2290
2139,機械及び装置減価償却累計額,機械及び装置減価償却累計額,Asset,,,No,,2290
2149,船舶航空機減価償却累計額,船舶航空機減価償却累計額,Asset,,,No,,2290
2159,車両運搬具減価償却累計額,車両運搬具減価償却累計額,Asset,,,No,,2290
2169,工具器具備品減価償却累計額,工具器具備品減価償却累計額,Asset,,,No,,2290
2300,無形固定資産,無形固定資産,Asset,,,Yes,,2000
2310,営業権,営業権,Asset,,,Yes,,2300
2311,営業権,営業権,Asset,,,No,,2310
2320,特許権,特許権,Asset,,,Yes,,2300
2321,特許件,特許件,Asset,,,No,,2320
2330,借地権,借地権,Asset,,,Yes,,2300
2331,借地権,借地権,Asset,,,No,,2330
2350,商標権,商標権,Asset,,,Yes,,2300
2351,商標権,商標権,Asset,,,No,,2350
2360,実用新案権,実用新案権,Asset,,,Yes,,2300
2361,実用新案権,実用新案権,Asset,,,No,,2360
2370,意匠権,意匠権,Asset,,,Yes,,2300
2371,意匠権,意匠権,Asset,,,No,,2370
2380,鉱業権,鉱業権,Asset,,,Yes,,2300
2381,鉱業権,鉱業権,Asset,,,No,,2380
2390,漁業権,漁業権,Asset,,,Yes,,2300
2391,漁業権,漁業権,Asset,,,No,,2390
2410,水利権,水利権,Asset,,,Yes,,2300
2411,水利権,水利権,Asset,,,No,,2410
2420,電話加入権,電話加入権,Asset,,,Yes,,2300
2421,電話加入権,電話加入権,Asset,,,No,,2420
2430,施設利用権,施設利用権,Asset,,,Yes,,2300
2431,施設利用権,施設利用権,Asset,,,No,,2430
2450,ソフトウェア,ソフトウェア,Asset,,,Yes,,2300
2451,ソフトウェア,ソフトウェア,Asset,,,No,,2450
2600,投資その他の資産,投資その他の資産,Asset,,,Yes,,2000
2610,投資有価証券,投資有価証券,Asset,,,Yes,,2600
2611,投資有価証券（関連会社除く）,投資有価証券（関連会社除く）,Asset,,,No,,2610
2615,子会社株式,子会社株式,Asset,,,No,,2610
2616,その他の関連会社株式,その他の関連会社株式,Asset,,,No,,2610
2617,子会社社債,子会社社債,Asset,,,No,,2610
2618,その他の関連会社社債,その他の関連会社社債,Asset,,,No,,2610
2620,出資金,出資金,Asset,,,Yes,,2600
2621,出資金（関連会社除く）,出資金（関連会社除く）,Asset,,,No,,2620
2627,子会社出資金,子会社出資金,Asset,,,No,,2620
2628,その他の関連会社出資金,その他の関連会社出資金,Asset,,,No,,2620
2630,長期貸付金,長期貸付金,Asset,,,Yes,,2600
2631,長期貸付金（従業員等及び関係会社のものを除く）,長期貸付金（従業員等及び関係会社のものを除く）,Asset,,,No,,2630
2634,株主及び役員長期貸付金,株主及び役員長期貸付金,Asset,,,No,,2630
2635,従業員長期貸付金,従業員長期貸付金,Asset,,,No,,2630
2636,子会社長期貸付金,子会社長期貸付金,Asset,,,No,,2630
2637,その他の関係会社長期貸付金,その他の関係会社長期貸付金,Asset,,,No,,2630
2638,破産債権等,破産債権等,Asset,,,No,,2630
2639,貸倒引当金（長期貸付金）,貸倒引当金（長期貸付金）,Asset,,,No,,2630
2710,投資固定資産,投資固定資産,Asset,,,Yes,,2600
2711,投資固定資産（関係会社のものを除く）,投資固定資産（関係会社のものを除く）,Asset,,,No,,2710
2717,子会社投資固定資産,子会社投資固定資産,Asset,,,No,,2710
2718,その他の関係会社投資固定資産,その他の関係会社投資固定資産,Asset,,,No,,2710
2790,社内取引債権,社内取引債権（INTERCOMPANYDUEFROM_ACCT）,Asset,,,Yes,,2600
2791,社内取引債権,社内取引債権,Asset,,,No,INTERCOMPANYDUEFROM_ACCT,2790
2810,長期前払費用,長期前払費用,Asset,,,Yes,,2600
2811,長期前払費用,長期前払費用,Asset,,,No,,2810
2890,プロジェクト資産,プロジェクト資産,Asset,,,Yes,,2600
2891,プロジェクト資産,プロジェクト資産,Asset,,,No,PJ_ASSET_ACCT,2890
2892,実施中プロジェクト資産,実施中プロジェクト資産,Asset,,,No,PJ_WIP_ACCT,2890
2910,長期繰延税金資産,長期繰延税金資産,Asset,,,Yes,,2600
2911,長期繰延税金資産,長期繰延税金資産,Asset,,,No,,2910
2990,貸倒引当金(固定資産）,貸倒引当金(固定資産）,Asset,,,Yes,,2600
2991,貸倒引当金(固定資産）,貸倒引当金(固定資産）,Asset,,,No,,2990
3000,繰延資産,繰延資産,Asset,,,Yes,,
3100,繰延資産,繰延資産,Asset,,,Yes,,3000
3110,創立費,創立費,Asset,,,Yes,,3100
3111,創立費,創立費,Asset,,,No,,3110
3120,開業費,開業費,Asset,,,Yes,,3100
3121,開業費,開業費,Asset,,,No,,3120
3130,新株発行費,新株発行費,Asset,,,Yes,,3100
3131,新株発行費,新株発行費,Asset,,,No,,3130
3140,社債発行費,社債発行費,Asset,,,Yes,,3100
3141,社債発行費,社債発行費,Asset,,,No,,3140
3150,社債発行差金,社債発行差金,Asset,,,Yes,,3100
3151,社債発行差金,社債発行差金,Asset,,,No,,3150
3160,開発費,開発費,Asset,,,Yes,,3100
3161,開発費,開発費,Asset,,,No,,3160
3170,試験研究費,試験研究費,Asset,,,Yes,,3100
3171,試験研究費,試験研究費,Asset,,,No,,3170
3180,建設利息,建設利息,Asset,,,Yes,,3100
3181,建設利息,建設利息,Asset,,,No,,3180
4000,流動負債,流動負債,Liability,,,Yes,,
4100,短期債務,短期債務,Liability,,,Yes,,4000
4110,支払手形,支払手形,Liability,,,Yes,,4100
4111,支払手形,支払手形（関係会社のものを除く）,Liability,,,No,,4110
4117,子会社支払手形,子会社支払手形,Liability,,,No,,4110
4118,その他の関係会社支払手形,その他の関係会社支払手形,Liability,,,No,,4110
4120,買掛金,買掛金,Liability,,,Yes,,4100
4121,買掛金,自動仕訳（V_LIABILITY_ACCT）用買掛金勘定,Liability,,,No,V_LIABILITY_ACCT,4120
4122,サービス買掛金,自動仕訳（_LIABILITY_SERVICES_ACCT）用買掛金勘定,Liability,,,No,V_LIABILITY_SERVICES_ACCT,4120
4129,未請求買掛金,自動仕訳（NOTINVOICEDRECEIPTS_ACCT）用未請求債務勘定。買掛金計上する取引先で、まだ請求されていない債務残高を表す。,Liability,,,No,NOTINVOICEDRECEIPTS_ACCT,4120
4130,短期借入金,短期借入金,Liability,,,Yes,,4100
4131,短期借入金,短期借入金,Liability,,,No,,4130
4140,未払金,未払金,Liability,,,Yes,,4100
4141,未払金,自動仕訳（V_LIABILITY_ACCT）用未払金勘定,Liability,,,No,,4140
4142,サービス未払金,自動仕訳（_LIABILITY_SERVICES_ACCT）用未払金勘定,Liability,,,No,,4140
4149,未請求未払金,自動仕訳（NOTINVOICEDRECEIPTS_ACCT）用未請求債務勘定。未払金計上する取引先で、まだ請求されていない債務残高。,Liability,,,No,,4140
4150,未払費用,未払配当金と未払利息以外の未払費用,Liability,,,Yes,,4100
4151,未払費用,未払費用（配当金と利息を除く）,Liability,,,No,,4150
4160,前受金,前受金,Liability,,,Yes,,4100
4161,前受金,自動仕訳（C_PREPAYMENT_ACCT）用前受金,Liability,,,No,C_PREPAYMENT_ACCT,4160
4170,預り金,預り金,Liability,,,Yes,,4100
4171,預り金,預り金,Liability,,,No,,4170
4210,前受収益,前受収益,Liability,,,Yes,,4100
4211,前受収益,前受収益,Liability,,,No,,4210
4220,未払配当金,未払配当金,Liability,,,Yes,,4100
4221,未払配当金,未払配当金,Liability,,,No,,4220
4230,未払利息,未払利息,Liability,,,Yes,,4100
4231,未払利息,未払利息,Liability,,,No,,4230
4250,未払税金,未払税金,Liability,,,Yes,,4100
4251,未払法人税等,未払法人税等,Liability,,,No,,4250
4252,未払事業税等,未払事業税等,Liability,,,No,,4250
4253,源泉徴収（所得）,源泉徴収（所得）,Liability,,,No,,4250
4254,源泉徴収（報酬）,報酬の支払の差異に徴収する源泉税。自仕訳（WITHHOLDING_ACCT）設定用勘定,Liability,,,No,WITHHOLDING_ACCT,4250
4258,未払消費税,未払消費税,Liability,,,No,T_LIABILITY_ACCT,4250
4260,仮受金,仮受金,Liability,,,Yes,,4100
4261,仮受金,仮受金,Liability,,,No,,4260
4270,仮受消費税,仮受消費税,Liability,,,Yes,,4100
4271,仮受消費税,仮受消費税（T_DUE_ACCT）,Liability,,,No,T_DUE_ACCT,4270
4280,繰延税金負債,繰延税金負債,Liability,,,Yes,,4100
4281,繰延税金負債,繰延税金負債,Liability,,,No,,4280
4300,引当金（流動性のもの）,,Liability,,,Yes,,4000
4310,製品保証引当金,製品保証引当金,Liability,,,Yes,,4300
4311,製品保証引当金,製品保証引当金,Liability,,,No,,4310
4320,売上割戻引当金,売上割戻引当金,Liability,,,Yes,,4300
4321,売上割戻引当金,売上割戻引当金,Liability,,,No,,4320
4330,景品費引当金,景品費引当金,Liability,,,Yes,,4300
4331,景品費引当金,景品費引当金,Liability,,,No,,4330
4340,返品調整引当金,返品調整引当金,Liability,,,Yes,,4300
4341,返品調整引当金,返品調整引当金,Liability,,,No,,4340
4350,賞与引当金,賞与引当金,Liability,,,Yes,,4300
4351,賞与引当金,賞与引当金,Liability,,,No,,4350
4370,修繕引当金,修繕引当金,Liability,,,Yes,,4300
4371,修繕引当金,修繕引当金,Liability,,,No,,4370
4380,債務保証損失引当金,債務保証損失引当金,Liability,,,Yes,,4300
4381,債務保証損失引当金,債務保証損失引当金,Liability,,,No,,4380
4390,損害補償損失引当金,損害補償損失引当金,Liability,,,Yes,,4300
4391,損害補償損失引当金,損害補償損失引当金,Liability,,,No,,4390
5000,固定負債,固定負債,Liability,,,Yes,,
5100,固定債務,固定債務,Liability,,,Yes,,5000
5110,社債,社債,Liability,,,Yes,,5100
5111,社債,社債,Liability,,,No,,5110
5120,転換社債,転換社債,Liability,,,Yes,,5100
5121,転換社債,転換社債,Liability,,,No,,5120
5130,新株引受権付社債,新株引受権付社債,Liability,,,Yes,,5100
5131,新株引受権付社債,新株引受権付社債,Liability,,,No,,5130
5140,長期借入金,長期借入金,Liability,,,Yes,,5100
5141,長期借入金,長期借入金,Liability,,,No,,5140
5147,子会社長期借入金,子会社長期借入金,Liability,,,No,,5140
5148,その他の関係会社長期借入金,その他の関係会社長期借入金,Liability,,,No,,5140
5150,長期未払金,長期未払金,Liability,,,Yes,,5100
5151,長期未払金,長期未払金,Liability,,,No,,5150
5160,長期預り金,長期預り金,Liability,,,Yes,,5100
5161,長期預り金,長期預り金,Liability,,,No,,5160
5290,社内取引債務,社内取引債務,Liability,,,Yes,,5100
5291,社内取引債務,社内取引債務,Liability,,,No,INTERCOMPANYDUETO_ACCT,5290
5300,引当金（固定性のもの）,引当金（固定性のもの）,Liability,,,Yes,,5000
5310,退職給与引当金,退職給与引当金,Liability,,,Yes,,5300
5311,退職給与引当金,退職給与引当金,Liability,,,No,,5310
5320,特別修繕引当金,特別修繕引当金,Liability,,,Yes,,5300
5321,特別修繕引当金,特別修繕引当金,Liability,,,No,,5320
6000,法令上の引当金,法令上の引当金,Liability,,,Yes,,
6100,商法第287条ノ2の引当金,商法第287条ノ2の引当金,Liability,,,Yes,,6000
6101,商法第287条ノ2の引当金,商法第287条ノ2の引当金,Liability,,,No,,6100
6200,特別法上の準備金・引当金,特別法上の準備金・引当金,Liability,,,Yes,,6000
6201,特別法上の準備金・引当金,特別法上の準備金・引当金,Liability,,,No,,6200
7000,純資産,純資産,Owner's Equity,,,Yes,,
7100,資本金,資本金,Owner's Equity,,,Yes,,7000
7110,資本金,資本金,Owner's Equity,,,Yes,,7100
7111,資本金,資本金,Owner's Equity,,,No,,7110
7120,新株式申込証拠金,新株式申込証拠金,Owner's Equity,,,Yes,,7100
7121,新株式申込証拠金,新株式申込証拠金,Owner's Equity,,,No,,7120
7130,新株式払込金,新株式払込金,Owner's Equity,,,Yes,,7100
7131,新株式払込金,新株式払込金,Owner's Equity,,,No,,7130
7200,法定準備金,法定準備金,Owner's Equity,,,Yes,,7000
7210,資本準備金,資本準備金,Owner's Equity,,,Yes,,7200
7211,資本準備金,資本準備金,Owner's Equity,,,No,,7210
7260,利益準備金,利益準備金,Owner's Equity,,,Yes,,7200
7261,利益準備金,利益準備金,Owner's Equity,,,No,,7260
7300,その他の剰余金,その他の剰余金,Owner's Equity,,,Yes,,7000
7310,その他の資本剰余金,その他の資本剰余金,Owner's Equity,,,Yes,,7300
7311,その他の資本剰余金,その他の資本剰余金,Owner's Equity,,,No,,7310
7320,任意積立金,任意積立金,Owner's Equity,,,Yes,,7300
7321,特別償却準備金,特別償却準備金,Owner's Equity,,,No,,7320
7322,価格変動準備金,価格変動準備金,Owner's Equity,,,No,,7320
7323,海外投資等損失準備金,海外投資等損失準備金,Owner's Equity,,,No,,7320
7324,公害防止準備金,公害防止準備金,Owner's Equity,,,No,,7320
7325,減債積立金,減債積立金,Owner's Equity,,,No,,7320
7326,中間配当積立金,中間配当積立金,Owner's Equity,,,No,,7320
7327,配当平均積立金,配当平均積立金,Owner's Equity,,,No,,7320
7328,別途積立金,別途積立金,Owner's Equity,,,No,,7320
7329,その他の任意積立金,その他の任意積立金,Owner's Equity,,,No,,7320
7330,未処分利益,未処分利益,Owner's Equity,,,Yes,,7000
7331,未処分利益,未処分利益,Owner's Equity,,,No,RETAINEDEARNING_ACCT,7330
8000,経常損益,経常損益,Revenue,,,Yes,,
8100,売上高,売上高,Revenue,,,Yes,,8000
8110,売上高（棚卸資産）,棚卸資産の売上を計上する科目(P_REVENUE_ACCT）,Revenue,,,Yes,,8100
8111,商品売上,自動仕訳（P_REVENUE_ACCT）用商品売上勘定,Revenue,,,No,P_REVENUE_ACCT,8110
8112,製品売上,自動仕訳（P_REVENUE_ACCT）用製品売上勘定,Revenue,,,No,,8110
8113,副産物及び作業くず売上,自動仕訳（P_REVENUE_ACCT）用副産物及び作業くず売上勘定,Revenue,,,No,,8110
8114,半製品売上,自動仕訳（P_REVENUE_ACCT）用半製品売上勘定,Revenue,,,No,,8110
8115,原材料売上,自動仕訳（P_REVENUE_ACCT）用原材料売上勘定,Revenue,,,No,,8110
8116,仕掛品売上,自動仕訳（P_REVENUE_ACCT）用仕掛品売上勘定,Revenue,,,No,,8110
8117,貯蔵品売上,自動仕訳（P_REVENUE_ACCT）用貯蔵品売上勘定,Revenue,,,No,,8110
8120,売上高（役務提供）,役務を提供した時の売上を計上する科目(P_REVENUE_ACCT）,Revenue,,,Yes,,8100
8121,サービス売上,製品タイプがサービスの売上,Revenue,,,No,,8120
8122,リソース売上,製品タイプがリソースの売上,Revenue,,,No,,8120
8123,経費売上,製品タイプが経費のP_REVENUE_ACCTに登録用のダミー勘定,Revenue,,,No,,8120
8126,その他の売上高,その他の売上を計上する科目(P_REVENUE_ACCT）,Revenue,,,Yes,,8100
8127,固定資産売上,固定資産管理で使用する。,Revenue,,,No,,8126
8180,売上控除高(棚卸資産）,売上控除高(棚卸資産）,Revenue,,,Yes,,8100
8181,商品売上値引,商品売上値引,Revenue,,,No,,8180
8182,製品売上値引,製品売上値引,Revenue,,,No,,8180
8183,副産物及び作業くず売上値引,副産物及び作業くず売上値引,Revenue,,,No,,8180
8184,半製品売上値引,半製品売上値引,Revenue,,,No,,8180
8185,原材料売上値引,原材料売上値引,Revenue,,,No,,8180
8186,仕掛品売上値引,仕掛品売上値引,Revenue,,,No,,8180
8187,貯蔵品売上値引,貯蔵品売上値引,Revenue,,,No,,8180
8190,売上控除高（役務提供）,売上控除高（役務提供）,Revenue,,,Yes,,8100
8191,サービス売上値引,製品タイプがサービスの売上,Revenue,,,No,,8190
8192,リソース売上値引,製品タイプがリソースの売上,Revenue,,,No,,8190
8193,経費売上値引,P_REVENUE_ACCT登録用ダミー勘定,Revenue,,,No,,8190
8200,売上原価,売上原価,Expense,,,Yes,,8000
8210,売上原価（棚卸資産）,売上原価を計上する科目(P_COGS_ACCT）,Expense,,,Yes,,8200
8211,商品売上原価,商品の売上原価を計上する,Expense,,,No,P_COGS_ACCT,8210
8212,製品売上原価,製品の売上原価を計上する,Expense,,,No,,8210
8213,副産物及び作業くず売上原価,副産物及び作業くずの売上原価を計上する,Expense,,,No,,8210
8214,半製品売上原価,半製品仕入仮勘定の売上原価を計上する,Expense,,,No,,8210
8215,原材料売上原価,原材料仕入仮勘定の売上原価を計上する,Expense,,,No,,8210
8216,仕掛品売上原価,仕掛品仕入仮勘定の売上原価を計上する,Expense,,,No,,8210
8217,貯蔵品売上原価,貯蔵品仕入仮勘定の売上原価を計上する,Expense,,,No,,8210
8220,売上原価（役務提供）,役務提供の売上減価を計上する科目 (P_COGS_ACCT）,Expense,,,Yes,,8200
8221,サービス売上原価,製品タイプがサービスの売上原価を計上する,Expense,,,No,,8220
8222,リソース売上原価,製品タイプがリソースの売上原価を計上する,Expense,,,No,,8220
8223,経費売上原価,製品タイプが経費の売上原価を計上するダミー勘定,Expense,,,No,,8220
8226,その他の売上原価,その他の売上原価を計上する科目 (P_COGS_ACCT）,Expense,,,Yes,,8200
8227,固定資産売上原価,固定資産管理で使用する。,Expense,,,No,,8226
8230,原価調整（棚卸資産）,原価調整勘定（P_COSTADJUSTMENT_ACCT）,Expense,,,Yes,,8200
8231,商品原価調整勘定,商品原価調整勘定,Expense,,,No,P_COSTADJUSTMENT_ACCT,8230
8232,製品原価調整勘定,製品原価調整勘定,Expense,,,No,,8230
8233,副産物及び作業くず原価調整勘定,副産物及び作業くず原価調整勘定,Expense,,,No,,8230
8234,半製品原価調整勘定,半製品原価調整勘定,Expense,,,No,,8230
8235,原材料原価調整科目,原材料原価調整科目,Expense,,,No,,8230
8236,仕掛品原価調整科目,仕掛品原価調整科目,Expense,,,No,,8230
8237,貯蔵品原価調整科目,貯蔵品原価調整科目,Expense,,,No,,8230
8240,原価調整（役務提供）,原価調整勘定（P_COSTADJUSTMENT_ACCT）,Expense,,,Yes,,8200
8241,サービス原価調整勘定,P_COSTADJUSTMENT_ACCTに設定するダミー勘定,Expense,,,No,,8240
8242,リソース原価調整勘定,P_COSTADJUSTMENT_ACCTに設定するダミー勘定,Expense,,,No,,8240
8243,経費原価調整勘定,P_COSTADJUSTMENT_ACCTに設定するダミー勘定,Expense,,,No,,8240
8246,その他の原価調整,その他の原価調整勘定（P_COSTADJUSTMENT_ACCT）,Expense,,,Yes,,8200
8247,固定資産原価調整勘定,固定資産管理で使用する。,Expense,,,No,,8246
8250,入荷請求差異（棚卸資産）,入荷請求差異（P_INVOICEPRICEVARIANCE_ACCT）,Expense,,,Yes,,8200
8251,商品入荷請求差異,商品入荷請求差異,Expense,,,No,P_INVOICEPRICEVARIANCE_ACCT,8250
8252,製品入荷請求差異,製品入荷請求差異,Expense,,,No,,8250
8253,副産物及び作業くず入荷請求差異,副産物及び作業くず入荷請求差異,Expense,,,No,,8250
8254,半製品入荷請求差異,半製品入荷請求差異,Expense,,,No,,8250
8255,原材料入荷請求差異,原材料入荷請求差異,Expense,,,No,,8250
8256,仕掛品入荷請求差異,仕掛品入荷請求差異,Expense,,,No,,8250
8257,貯蔵品入荷請求差異,貯蔵品入荷請求差異,Expense,,,No,,8250
8260,入荷請求差異（役務提供）,入荷請求差異（役務提供）,Expense,,,Yes,,8200
8261,サービス入荷請求差異,P_INVOICEPRICEVARIANCE_ACCTに設定するダミー勘定,Expense,,,No,,8260
8262,リソース入荷請求差異,P_INVOICEPRICEVARIANCE_ACCTに設定するダミー勘定,Expense,,,No,,8260
8263,経費入荷請求差異,P_INVOICEPRICEVARIANCE_ACCTに設定するダミー勘定,Expense,,,No,,8260
8266,その他の入荷請求差異,その他の入荷請求差異,Expense,,,Yes,,8200
8267,固定資産入荷請求差異,固定資産管理で使用する。,Expense,,,No,,8266
8270,棚卸減耗,棚卸減耗,Expense,,,Yes,,8200
8271,棚卸減耗損,棚卸減耗損,Expense,,,No,W_DIFFERENCES_ACCT,8270
8300,販売費及び一般管理費,販売費及び一般管理費,Expense,,,Yes,,8000
8310,販売費及び一般管理費（償却費等除く）,販売費及び一般管理費（償却費等除く）,Expense,,,Yes,,8300
8311,販売促進費,販売促進費,Expense,,,No,,8310
8315,広告宣伝費,広告宣伝費,Expense,,,No,,8310
8321,荷造材料費,荷造材料費,Expense,,,No,,8310
8325,車両費,車両費,Expense,,,No,,8310
8331,運賃,運賃,Expense,,,No,,8310
8335,保管料,保管料,Expense,,,No,,8310
8351,役員報酬,役員報酬,Expense,,,No,,8310
8355,支払報酬,個人事業主に対する報酬,Expense,,,No,,8310
8361,給与,給与,Expense,,,No,,8310
8371,賞与,賞与,Expense,,,No,,8310
8375,退職金,退職金,Expense,,,No,,8310
8381,福利厚生費,福利厚生費,Expense,,,No,,8310
8401,会議費,会議費,Expense,,,No,,8310
8405,交際費,交際費,Expense,,,No,,8310
8411,寄付金,寄付金,Expense,,,No,,8310
8415,諸会費,諸会費,Expense,,,No,,8310
8431,旅費交通費,旅費交通費,Expense,,,No,,8310
8435,保険料,保険料,Expense,,,No,,8310
8441,水道光熱費,水道光熱費,Expense,,,No,,8310
8445,修繕費,修繕費,Expense,,,No,,8310
8451,租税公課（公租公課）,租税公課（公租公課）,Expense,,,No,T_EXPENSE_ACCT,8310
8461,研究開発費,研究開発費,Expense,,,No,,8310
8471,不動産賃借料,不動産賃借料,Expense,,,No,,8310
8475,リース料,リース料,Expense,,,No,,8310
8481,新聞図書費,新聞図書費,Expense,,,No,,8310
8485,通信費,通信費,Expense,,,No,,8310
8491,消耗品費,消耗品費,Expense,,,No,,8310
8495,振込手数料,振込手数料,Expense,,,No,,8310
8521,貸倒損失,貸倒損失,Expense,,,No,WRITEOFF_ACCT,8310
8525,貸倒繰入額,貸倒繰入額,Expense,,,No,,8310
8540,有形固定資産減価償却費,有形固定資産減価償却費,Expense,,,Yes,,8300
8541,建物減価償却費,建物減価償却費,Expense,,,No,,8540
8542,構築物減価償却費,構築物減価償却費,Expense,,,No,,8540
8543,機械及び装置減価償却費,機械及び装置減価償却費,Expense,,,No,,8540
8544,船舶航空機減価償却費,船舶航空機減価償却費,Expense,,,No,,8540
8545,車両運搬具減価償却費,車両運搬具減価償却費,Expense,,,No,,8540
8546,工具器具備品減価償却費,工具器具備品減価償却費,Expense,,,No,,8540
8550,無形固定資産償却,無形固定資産償却,Expense,,,Yes,,8300
8551,営業権償却,営業権償却,Expense,,,No,,8550
8552,特許権償却,特許権償却,Expense,,,No,,8550
8553,借地権償却,借地権償却,Expense,,,No,,8550
8554,商標権償却,商標権償却,Expense,,,No,,8550
8555,実用新案権償却,実用新案権償却,Expense,,,No,,8550
8556,意匠権償却,意匠権償却,Expense,,,No,,8550
8557,鉱業権償却,鉱業権償却,Expense,,,No,,8550
8558,漁業権償却,漁業権償却,Expense,,,No,,8550
8559,水利権償却,水利権償却,Expense,,,No,,8550
8560,電話加入権償却,電話加入権償却,Expense,,,No,,8550
8561,施設利用権償却,施設利用権償却,Expense,,,No,,8550
8562,ソフトウェア償却,ソフトウェア償却,Expense,,,No,,8550
8570,繰延資産償却,繰延資産償却,Expense,,,Yes,,8300
8571,開発費償却,開発費償却,Expense,,,No,,8570
8572,試験研究費償却,試験研究費償却,Expense,,,No,,8570
8573,建設利息償却,建設利息償却,Expense,,,No,,8570
8580,現金過不足,現金過不足,Expense,,,Yes,,8300
8581,現金過不足,自動仕訳（B_DIFFERENCES_ACCT）用現金過不足勘定,Expense,,,No,CB_DIFFERENCES_ACCT,8580
8590,雑費,雑費,Expense,,,Yes,,8300
8591,その他雑費,その他雑費,Expense,,,No,,8590
8600,営業外収益,営業外収益,Revenue,,,Yes,,8000
8610,受取利息,受取利息,Revenue,,,Yes,,8600
8611,受取利息,自動仕訳（B_INTERESTREV_ACCT）用受取利息勘定科目,Revenue,,,No,B_INTERESTREV_ACCT,8610
8620,受取配当金,受取配当金,Revenue,,,Yes,,8600
8621,受取配当金,受取配当金,Revenue,,,No,,8620
8630,有価証券売却益,有価証券売却益,Revenue,,,Yes,,8600
8631,有価証券売却益,有価証券売却益,Revenue,,,No,,8630
8640,仕入割引,仕入割引,Revenue,,,Yes,,8600
8641,仕入割引,自動仕訳（PAYDISCOUNT_REV_ACCT）用仕入割引勘定科目,Revenue,,,No,PAYDISCOUNT_REV_ACCT,8640
8650,不動産賃貸料,不動産賃貸料,Revenue,,,Yes,,8600
8651,不動産賃貸料,不動産賃貸料,Revenue,,,No,,8650
8710,為替決済差益,為替決済差益,Revenue,,,Yes,,8600
8711,為替決済差益,自動仕訳（REALIZEDGAIN_ACCT）用為替決済差益勘定,Revenue,,,No,REALIZEDGAIN_ACCT,8710
8720,為替評価益,為替評価益,Revenue,,,Yes,,8600
8721,為替評価益,自動仕訳（NREALIZEDGAIN_ACCT）用為替評価益勘定,Revenue,,,No,UNREALIZEDGAIN_ACCT,8720
8750,外貨預金両替差益,外貨預金両替益,Revenue,,,Yes,,8600
8751,外貨預金両替差益,自動仕訳（B_SETTLEMENTGAIN_ACCT）用外貨預金両替差益勘定,Revenue,,,No,B_SETTLEMENTGAIN_ACCT,8750
8760,外貨預金評価益,外貨預金評価益,Revenue,,,Yes,,8600
8761,外貨預金評価益,自動仕訳け（B_REVALUATIONGAIN_ACCT）用外貨預金評価益勘定,Revenue,,,No,B_REVALUATIONGAIN_ACCT,8760
8790,その他の営業外収益,雑収入（その他の営業外収入）,Revenue,,,Yes,,8600
8791,その他の現金収入,自動仕訳（CB_RECEIPT_ACCT）用勘定科目,Revenue,,,No,CB_RECEIPT_ACCT,8790
8792,その他の営業外収益,自動仕訳（CH_REVENUE_ACCT）用勘定科目,Revenue,,,No,CH_REVENUE_ACCT,8790
8800,営業外費用,営業外費用,Expense,,,Yes,,8000
8810,支払利息,支払利息,Expense,,,Yes,,8800
8811,支払利息,支払利息,Expense,,,No,B_INTERESTEXP_ACCT,8810
8820,社債利息,社債利息,Expense,,,Yes,,8800
8821,社債利息,社債利息,Expense,,,No,,8820
8830,創立費償却,創立費償却,Expense,,,Yes,,8800
8831,創立費償却,創立費償却,Expense,,,No,,8830
8840,開業費償却,開業費償却,Expense,,,Yes,,8800
8841,開業費償却,開業費償却,Expense,,,No,,8840
8850,新株発行費償却,新株発行費償却,Expense,,,Yes,,8800
8851,新株発行費償却,新株発行費償却,Expense,,,No,,8850
8860,社債発行費償却,社債発行費償却,Expense,,,Yes,,8800
8861,社債発行費償却,社債発行費償却,Expense,,,No,,8860
8870,社債発行差金償却,社債発行差金償却,Expense,,,Yes,,8800
8871,社債発行差金償却,社債発行差金償却,Expense,,,No,,8870
8880,有価証券評価損,有価証券評価損,Expense,,,Yes,,8800
8881,有価証券売却損,有価証券売却損,Expense,,,No,,8880
8910,売上割引,売上割引,Expense,,,Yes,,8800
8911,売上割引,売上割引,Expense,,,No,PAYDISCOUNT_EXP_ACCT,8910
8920,為替決済差損,為替決済差損,Expense,,,Yes,,8800
8921,為替決済差損,為替決済差損,Expense,,,No,REALIZEDLOSS_ACCT,8920
8930,為替評価損,為替評価損,Expense,,,Yes,,8800
8931,為替評価損,為替評価損,Expense,,,No,UNREALIZEDLOSS_ACCT,8930
8950,外貨預金両替差損,外貨預金両替差損,Expense,,,Yes,,8800
8951,外貨預金両替差損,外貨預金両替差損,Expense,,,No,B_SETTLEMENTLOSS_ACCT,8950
8960,外貨預金評価損,外貨預金評価損,Expense,,,Yes,,8800
8961,外貨預金評価損,外貨預金評価損,Expense,,,No,B_REVALUATIONLOSS_ACCT,8960
8970,通貨四捨五入損益,通貨四捨五入損益,Expense,,,Yes,,8800
8971,通貨四捨五入損益,通貨四捨五入損益,Expense,,,No,CURRENCYBALANCING_ACCT,8970
8890,その他の営業外費用,その他の営業外費用,Expense,,,Yes,,8800
8991,その他の現金支払,自動仕訳（CB_EXPENSE_ACCT）用勘定,Expense,,,No,CB_EXPENSE_ACCT,8890
8992,その他の営業外費用,自動仕訳（CH_EXPENSE_ACCT）用雑勘定,Expense,,,No,CH_EXPENSE_ACCT,8890
9000,特別損益及び未処分利益,特別損益及び未処分利益,Revenue,,,Yes,,
9100,特別利益,特別利益,Revenue,,,Yes,,9000
9110,固定資産売却益,固定資産売却益,Revenue,,,Yes,,9100
9111,固定資産売却益,固定資産売却益,Revenue,,,No,,9110
9120,投資有価証券売却益,投資有価証券売却益,Revenue,,,Yes,,9100
9121,投資有価証券売却益,投資有価証券売却益,Revenue,,,No,,9120
9130,前期損益修正益,前期損益修正益,Revenue,,,Yes,,9100
9131,前期損益修正益,前期損益修正益,Revenue,,,No,,9130
9200,特別損失,特別損失,Expense,,,Yes,,9000
9210,固定資産売却・除却損,固定資産売却・除却損,Expense,,,Yes,,9200
9211,固定資産売却損,固定資産売却・除却損,Expense,,,No,,9210
9212,固定資産除却損,固定資産売却・除却損,Expense,,,No,,9210
9220,投資有価証券売却損,投資有価証券売却損,Expense,,,Yes,,9200
9221,投資有価証券売却損,投資有価証券売却損,Expense,,,No,,9220
9230,前期損益修正損,前期損益修正損,Expense,,,Yes,,9200
9231,前期損益修正損,前期損益修正損,Expense,,,No,,9230
9240,災害損失,災害損失,Expense,,,Yes,,9200
9241,災害損失,災害損失,Expense,,,No,,9240
9800,法人税及び住民税,法人税及び住民税,Expense,,,Yes,,9000
9810,法人税,法人税,Expense,,,Yes,,9800
9811,法人税,法人税,Expense,,,No,,9810
9820,法人税追徴金,法人税追徴金,Expense,,,Yes,,9800
9821,法人税追徴金,法人税追徴金,Expense,,,No,,9820
9830,住民税,住民税,Expense,,,Yes,,9800
9831,住民税,住民税,Expense,,,No,,9830
9840,住民税追徴金,住民税追徴金,Expense,,,Yes,,9800
9841,住民税追徴金,住民税追徴金,Expense,,,No,,9840
9880,アンバランス調整勘定,仕訳がアンバランスの際にバランスさせる勘定科目。,Expense,,,Yes,,9000
9881,サスペンスバランス,アンバランスな仕訳をバランスさせる勘定科目,Expense,,,No,SUSPENSEBALANCING_ACCT,9880
9882,サスペンスエラー,SUSPENSEERROR_ACCTに設定する勘定,Expense,,,No,SUSPENSEERROR_ACCT,9880
9890,当期利益,当期利益,Expense,,,Yes,,9000
9891,当期利益,当期利益,Expense,,,No,,9890
9900,当期未処分利益,当期未処分利益,Owner's Equity,,,Yes,,9000
9910,前期繰越利益（又は前期繰越損失）,前期繰越利益（又は前期繰越損失）,Owner's Equity,,,No,,9900
9920,中間配当積立金取崩額,中間配当積立金取崩額,Owner's Equity,,,No,,9900
9930,減債積立金取崩額,減債積立金取崩額,Owner's Equity,,,No,,9900
9940,事業拡張積立金取崩額,事業拡張積立金取崩額,Owner's Equity,,,No,,9900
9950,その他の特定目的積立金目的取崩額,その他の特定目的積立金目的取崩額,Owner's Equity,,,No,,9900
9970,中間配当額,中間配当額,Owner's Equity,,,No,,9900
9980,中間配当に伴う利益準備金積立額,中間配当に伴う利益準備金積立額,Owner's Equity,,,No,,9900
9990,当期未処分利益（又は当期未処理損失）,当期未処分利益（又は当期未処理損失）,Owner's Equity,,,No,,9900
K0000,通過勘定(仮勘定）,通過勘定（仮勘定）の階層,Asset,,,Yes,,
K1000,流動資産となる通過勘定,流動資産となる通過勘定の階層,Asset,,,Yes,,K0000
K1110,現預金仮勘定,現金及び預金に関わる通過勘定の階層,Asset,,,Yes,,K1000
K1111,現金仮勘定,出納長毎に作成する事を想定している現金仮勘定の階層,Asset,,,Yes,,K1110
K1111-01,現金仮勘定_本社(JPY),現金仮勘定（CB_CASHTRANSFER_ACCT）のデフォルト科目。,Asset,,,No,CB_CASHTRANSFER_ACCT,K1111
K1112,当座預金銀行仮勘定,口座毎に作成する事を想定しいる銀行仮勘定の当座預金の階層,Asset,,,Yes,,K1110
K1112-01,銀行仮勘定-当座-りそな-神田-7654321,実運用の際には修正する事。,Asset,,,No,,K1112
K1113,普通預金銀行仮勘定,口座毎に作成する事を想定している銀行仮勘定の普通預金の階層,Asset,,,Yes,,K1110
K1113-01,銀行仮勘定-普通-りそな-神田-1234567,実運用の際には修正する事。銀行仮勘定（B_INTRANSIT_ACCT）のデフォルト科目。,Asset,,,No,B_INTRANSIT_ACCT,K1113
K1114,定期預金銀行仮勘定,口座毎に作成する事を想定している銀行仮勘定の定期預金の階層,Asset,,,Yes,,K1110
K1114-01,銀行仮勘定-定期--りそな-神田-9876543,実運用の際には修正する事。,Asset,,,No,,K1114
K1119,資金移動仮勘定,資金移動仮勘定の階層,Asset,,,Yes,,K1110
K1119-01,資金移動仮勘定,口座間の資金移動の際に料金タイプで使用する事を想定している科目,Asset,,,No,,K1119
K1200,仕入仮勘定,仕入に関わる通過勘定の階層,Asset,,,Yes,,K1000
K1210,商品仕入仮勘定,商品仕入仮勘定,Asset,,,Yes,,K1200
K1211,商品仕入仮勘定,自動仕訳（P_INVENTORYCLEARING_ACCT）用商品勘定,Asset,,,No,P_INVENTORYCLEARING_ACCT,K1210
K1220,製品仕入仮勘定,製品仕入仮勘定,Asset,,,Yes,,K1200
K1221,製品仕入仮勘定,自動仕訳（P_INVENTORYCLEARING_ACCT）用製品勘定,Asset,,,No,,K1220
K1230,副産物及び作業くず仕入仮勘定,産物及び作業くず仕入仮勘定,Asset,,,Yes,,K1200
K1231,副産物及び作業くず仕入仮勘定,自動仕訳（P_INVENTORYCLEARING_ACCT）用副産物及び作業くず勘定,Asset,,,No,,K1230
K1240,半製品仕入仮勘定,半製品仕入仮勘定,Asset,,,Yes,,K1200
K1241,半製品仕入仮勘定,自動仕訳（P_INVENTORYCLEARING_ACCT）用半製品勘定,Asset,,,No,,K1240
K1250,原材料仕入仮勘定,原材料仕入仮勘定,Asset,,,Yes,,K1200
K1251,原材料仕入仮勘定,自動仕訳（P_INVENTORYCLEARING_ACCT）用原材料勘定,Asset,,,No,,K1250
K1260,仕掛品仕入仮勘定,仕掛品仕入仮勘定,Asset,,,Yes,,K1200
K1261,仕掛品仕入仮勘定,自動仕訳（P_INVENTORYCLEARING_ACCT）用仕掛品勘定,Asset,,,No,,K1260
K1270,貯蔵品仕入仮勘定,貯蔵品仕入仮勘定,Asset,,,Yes,,K1200
K1271,貯蔵品仕入仮勘定,自動仕訳（P_INVENTORYCLEARING_ACCT）用貯蔵品勘定,Asset,,,No,,K1270
K1290,その他の仕入仮勘定,製品タイプが商品以外の製品のINVENTORYCLEARING_ACCT設定用勘定の階層,Asset,,,Yes,,K1200
K1291,サービス仕入仮勘定,製品タイプがサービスのP_INVENTORYCLEARING_ACCT設定用科目,Asset,,,No,,K1290
K1292,リソース仕入仮勘定,製品タイプがリソースのP_INVENTORYCLEARING_ACCT設定用科目,Asset,,,No,,K1290
K1293,経費仕入仮勘定,製品タイプが経費のP_INVENTORYCLEARING_ACCT設定用科目,Asset,,,No,,K1290
K1297,固定資産仕入仮勘定,,Asset,,,No,,K1290
K1560,支払仮勘定（仮払金）,口座毎に作成する事を想定している支払仮勘定の階層,Asset,,,Yes,,K1000
K1562,当座預金支払仮勘定,口座毎に作成する事を想定している支払仮勘定の当座預金の階層,Asset,,,Yes,,K1560
K1562-01,支払仮勘定-当座-りそな-神田-7654321,実運用の際には修正する事。,Asset,,,,,K1562
K1563,普通預金支払仮勘定,口座毎に作成する事を想定している支払仮勘定の普通預金の階層,Asset,,,Yes,,K1560
K1563-01,支払仮勘定-普通-りそな-神田-1234567,実運用の際には修正する事。支払仮勘定（B_PAYMENTSELECT_ACCT）のデフォルト科目,Asset,,,No,B_PAYMENTSELECT_ACCT,K1563
K1564,定期預金支払仮勘定,口座毎に作成する事を想定している支払仮勘定の定期預金の階層,Asset,,,Yes,,K1560
K1564-01,支払仮勘定-定期-りそな-神田-9876543,実運用の際には修正する事。,Asset,,,No,,K1564
K4000,流動負債となる通過勘定,流動負債となる通過勘定の階層,Liability,,,Yes,,K0000
K4260,入金仮勘定（仮受金）,口座毎に作成する事を想定している入金仮勘定の階層,Liability,,,Yes,,K0000
K4262,当座預金入金仮勘定,口座毎に作成する事を想定している入金仮勘定の当座預金の階層,Liability,,,Yes,,K4260
K4262-01,入金仮勘定-当座-りそな-神田-7654321,実運用の際には修正する事。,Liability,,,No,,K4262
K4263,普通預金入金仮勘定,口座毎に作成する事を想定している入金仮勘定の普通預金の階層,Liability,,,Yes,,K4260
K4263-01,入金仮勘定-普通-りそな-神田-1234567,実運用の際には修正する事。入金仮勘定（B_UNALLOCATEDCASH_ACCT）のデフォルト科目,Liability,,,No,B_UNALLOCATEDCASH_ACCT,K4263
K4264,定期預金入金仮勘定,口座毎に作成する事を想定している入金仮勘定の定期預金の階層,Liability,,,Yes,,K4260
K4264-01,入金仮勘定-定期-りそな-神田-9876543,実運用の際には修正する事。,Liability,,,No,,K4264
K7000,純資産となる通過勘定,純資産となる通過勘定の階層,Owner's Equity,,,Yes,,K0000
K7330,損益勘定,INCOMESUMMARY_ACCTに設定する通過勘定の階層,Owner's Equity,,,Yes,,K0000
K7331,損益勘定（通過勘定）,INCOMESUMMARY_ACCTに設定する通過勘定,Owner's Equity,,Yes,No,INCOMESUMMARY_ACCT,K7330
D0000,ダミー勘定,ダミー勘定の階層,Asset,,,Yes,,
D1000,流動資産となるダミー勘定,流動資産となるダミー勘定の階層,Asset,,,Yes,,D0000
D1130,未請求債権(ダミー階層）,NOTINVOICEDRECEIVABLES_ACCT用ダミー勘定,Asset,,,Yes,,D1000
D1131,未請求債権（ダミー）,NOTINVOICEDRECEIVABLES_ACCTに設定するダミー勘定,Asset,,Yes,No,NOTINVOICEDRECEIVABLES_ACCT,D1130
D1290,棚卸資産科目(ダミー階層）,製品タイプが商品以外の製品のP_ASSET_ACCT設定用ダミー勘定,Asset,,,Yes,,D1000
D1291,サービス資産科目（ダミー）,製品タイプがサービスの製品のP_ASSET_ACCT設定用ダミー勘定,Asset,,Yes,No,,D1290
D1292,リソース資産科目（ダミー）,製品タイプがリソースの製品のP_ASSET_ACCT設定用ダミー勘定,Asset,,Yes,No,,D1290
D1293,経費資産科目（ダミー）,製品タイプが経費の製品のP_ASSET_ACCT設定用ダミー勘定,Asset,,Yes,No,,D1290
D1430,未請求収益（ダミー階層）,NOTINVOICEDREVENUE_ACCT用ダミー勘定の階層,Asset,,,Yes,,D1000
D1431,未請求収益（ダミー）,NOTINVOICEDREVENUE_ACCTに設定するダミー勘定,Asset,,Yes,No,NOTINVOICEDREVENUE_ACCT,D1430
D1470,従業員前払科目（ダミー階層）,E_PREPAYMENT_ACCT用ダミー勘定の階層,Asset,,,Yes,,D1000
D1471,従業員前払（ダミー）,E_PREPAYMENT_ACCTに設定するダミー勘定,Asset,,Yes,No,E_PREPAYMENT_ACCT,D1470
D1880,PO委任（ダミー階層）,COMMITMENTOFFSET_ACCT用ダミー勘定,Asset,,,Yes,,D1000
D1881,PO委任（ダミー）,COMMITMENTOFFSET_ACCT用ダミー勘定,Asset,,Yes,No,COMMITMENTOFFSET_ACCT,D1880
D1890,デフォルトアカウント（ダミー階層）,DEFAULT_ACCT用ダミー勘定,Asset,,,Yes,,D1000
D1891,デフォルトアカウント（ダミー）,DEFAULT_ACCT用ダミー勘定,Asset,,Yes,No,DEFAULT_ACCT,D1890
D4000,流動負債となるダミー勘定,流動負債となるダミー勘定の階層,Liability,,,Yes,,D0000
D4210,前受収益（ダミー階層）,UNEARNEDREVENUE_ACCT用ダミー勘定の階層,Liability,,,Yes,,D4000
D4211,前受収益（ダミー）,UNEARNEDREVENUE_ACCTに設定するダミー勘定,Liability,,Yes,No,UNEARNEDREVENUE_ACCT,D4210
D8200,売上原価となるダミー勘定,売上原価となるダミー勘定の階層,Expense,,,Yes,,D0000
D8270,在庫科目（ダミー階層）,W_INVENTORY_ACCTに設定するダミー勘定の階層,Expense,,,Yes,,D8200
D8271,在庫科目（ダミー）,W_INVENTORY_ACCTに設定するダミー勘定,Expense,,Yes,No,W_INVENTORY_ACCT,D8270
D8280,棚卸評価（ダミー階層）,W_REVALUATION_ACCTに設定するダミー勘定の階層,Expense,,,Yes,,D8200
D8281,棚卸評価（ダミー）,W_REVALUATION_ACCTに設定するダミー勘定,Expense,,Yes,No,W_REVALUATION_ACCT,D8280
D8290,棚卸調整（ダミー階層）,W_INVACTUALADJUST_ACCTに設定するダミー勘定の階層,Expense,,,Yes,,D8200
D8291,棚卸調整（ダミー）,W_INVACTUALADJUST_ACCTに設定するダミー勘定,Expense,,Yes,No,W_INVACTUALADJUST_ACCT,D8290
D8300,販売費及び一般管理費となるダミー勘定,販売費及び一般管理費となるダミー勘定の階層,Expense,,,Yes,,D0000
D8380,従業員経費(ダミー階層),E_EXPENSE_ACCTに設定するダミー勘定の階層,Expense,,,Yes,,D8300
D8381,従業員経費（ダミー）,E_EXPENSE_ACCTに設定するダミー勘定,Expense,,Yes,No,E_EXPENSE_ACCT,D8380
D8560,製品費用科目（ダミー階層）,P_EXPENSE_ACCTに設定するダミー勘定の階層,Expense,,,Yes,,D8300
D8561,商品費用科目（ダミー）,商品のP_EXPENSE_ACCTに設定するダミー勘定,Expense,,Yes,No,P_EXPENSE_ACCT,D8560
D8562,製品費用科目（ダミー）,製品のP_EXPENSE_ACCTに設定するダミー勘定,Expense,,Yes,No,,D8560
D8563,副産物及び作業くず費用科目（ダミー）,副産物及び作業くずのP_EXPENSE_ACCTに設定するダミー勘定,Expense,,Yes,No,,D8560
D8564,半製品費用科目（ダミー）,半製品のP_EXPENSE_ACCTに設定するダミー勘定,Expense,,Yes,No,,D8560
D8565,原材料費用科目（ダミー）,原材料のP_EXPENSE_ACCTに設定するダミー勘定,Expense,,Yes,No,,D8560
D8566,仕掛品費用科目（ダミー）,仕掛品のP_EXPENSE_ACCTに設定するダミー勘定,Expense,,Yes,No,,D8560
D8567,貯蔵品費用科目（ダミー）,貯蔵品のP_EXPENSE_ACCTに設定するダミー勘定,Expense,,Yes,No,,D8560
D8569,ダミー費用科目（ダミー）,製品タイプが商品以外のP_EXPENSE_ACCTに設定するダミー勘定,Expense,,Yes,No,,D8560
D8600,営業外収益となるダミー勘定,営業外収益となるダミー勘定の階層,Revenue,,,Yes,,D0000
D8640,仕入値引（ダミー階層）,P_TRADEDISCOUNTREC_ACCTに設定するダミー勘定の階層,Revenue,,,Yes,,D8600
D8641,仕入値引（ダミー）,P_TRADEDISCOUNTREC_ACCTに設定するダミー勘定,Revenue,,Yes,No,P_TRADEDISCOUNTREC_ACCT,D8640
D8800,営業外費用となるダミー勘定,営業外費用となるダミー勘定の階層,Expense,,,Yes,,D0000
D8910,売上値引科目（ダミー階層）,P_TRADEDISCOUNTGRANT_ACCTに設定するダミー勘定の階層,Expense,,,Yes,,D8800
D8911,売上値引（ダミー）,P_TRADEDISCOUNTGRANT_ACCTに設定するダミー勘定,Expense,,Yes,No,P_TRADEDISCOUNTGRANT_ACCT,D8910
D9200,特別損失となるダミー勘定,特別損失となるダミー勘定の階層,Expense,,,Yes,,D0000
D9250,銀行費用科目（ダミー階層）,B_EXPENSE_ACCTに設定するダミー勘定の階層,Expense,,,Yes,,D9200
D9251,銀行費用（ダミー）,銀行費用科目のダミー勘定,Expense,,Yes,No,B_EXPENSE_ACCT,D9250
D9260,未確認入出金科目（ダミー階層）,B_UNIDENTIFIED_ACCTに設定するダミー勘定の階層,Expense,,,Yes,,D9200
D9261,未確認入出金（ダミー）,未確認入出金科目のダミー勘定,Expense,,Yes,No,B_UNIDENTIFIED_ACCT,D9260
U1200,発注入荷差異,発注入荷差異,Asset,,,Yes,,
V1200,発注入荷差異,発注単価と入荷時の単価の差異。合計残高は常に0になる。,Expense,,,Yes,,U1200
V1210,商品発注入荷差異,商品発注入荷差異,Expense,,,Yes,,V1200
V1211,商品発注入荷差異,商品発注入荷差異,Expense,,Yes,No,P_PURCHASEPRICEVARIANCE_ACCT,V1210
V1220,製品発注入荷差異,製品発注入荷差異,Expense,,,Yes,,V1200
V1221,製品発注入荷差異,製品発注入荷差異,Expense,,Yes,No,,V1220
V1230,副産物及び作業くず発注入荷差異,副産物及び作業くず発注入荷差異,Expense,,,Yes,,V1200
V1231,副産物及び作業くず発注入荷差異,副産物及び作業くず発注入荷差異,Expense,,Yes,No,,V1230
V1240,半製品発注入荷差異,半製品発注入荷差異,Expense,,,Yes,,V1200
V1241,半製品発注入荷差異,半製品発注入荷差異,Expense,,Yes,No,,V1240
V1250,原材料発注入荷差異,原材料発注入荷差異,Expense,,,Yes,,V1200
V1251,原材料発注入荷差異,原材料発注入荷差異,Expense,,Yes,No,,V1250
V1260,仕掛品発注入荷差異,仕掛品発注入荷差異,Expense,,,Yes,,V1200
V1261,仕掛品発注入荷差異,仕掛品発注入荷差異,Expense,,Yes,No,,V1260
V1270,貯蔵品発注入荷差異,貯蔵品発注入荷差異,Expense,,,Yes,,V1200
V1271,貯蔵品発注入荷差異,貯蔵品発注入荷差異,Expense,,Yes,No,,V1270
V1290,その他の発注入荷差異,発注単価と入荷時の単価の差異。合計残高は常に0になる。,Expense,,,Yes,,V1200
V1291,サービス発注入荷差異,P_PURCHASEPRICEVARIANCE_ACCTに設定するダミー勘定,Expense,,Yes,No,,V1290
V1292,リソース発注入荷差異,P_PURCHASEPRICEVARIANCE_ACCTに設定するダミー勘定,Expense,,Yes,No,,V1290
V1293,経費発注入荷差異,P_PURCHASEPRICEVARIANCE_ACCTに設定するダミー勘定,Expense,,Yes,No,,V1290
V1297,固定資産発注入荷差異,,Expense,,Yes,No,,V1290
W1200,発注入荷差異オフセット,発注入荷差異オフセット,Expense,,,Yes,,U1200
W1201,発注入荷差異オフセット,発注入荷差異オフセット,Expense,,Yes,No,PPVOFFSET_ACCT,W1200
953,SO Commitment,,Memo,,,No,COMMITMENTOFFSETSALES_ACCT,W1200
58800,Average Cost Variance,Account for Average Cost Variance,Expense,,Yes,No,P_AVERAGECOSTVARIANCE_ACCT,W1200
83200,Burden (Absorbed),Burden Absorbed account,Expense,,Yes,No,P_BURDEN_ACCT,W1200
51110,Cost Of Production,Cost Of Production Account,Expense,,Yes,No,P_COSTOFPRODUCTION_ACCT,W1200
14140,Floor Stock,Floor Stock Account,Asset,,Yes,No,P_FLOORSTOCK_ACCT,W1200
83100,Labor (Absorbed),Labor Absorbed account,Expense,,Yes,No,P_LABOR_ACCT,W1200
58500,Method Change Variance,Account for Method Change Variance,Expense,,Yes,No,P_METHODCHANGEVARIANCE_ACCT,W1200
58700,Mix Variance,Account for Mix Variance,Expense,,Yes,No,P_MIXVARIANCE_ACCT,W1200
51130,Outside Processing (Subcontract),Outside Processing Account,Expense,,Yes,No,P_OUTSIDEPROCESSING_ACCT,W1200
83300,Overhead (Applied),Overhead Applied account,Expense,,Yes,No,P_OVERHEAD_ACCT,W1200
58600,Rate Variance,Account for Rate Variance,Expense,,Yes,No,P_RATEVARIANCE_ACCT,W1200
51120,Scrap,Scrap Account,Expense,,Yes,No,P_SCRAP_ACCT,W1200
58400,Using Variance,Account for Using Variance,Expense,,Yes,No,P_USAGEVARIANCE_ACCT,W1200
14130,Work In Process,Work In Process Account,Asset,,Yes,No,P_WIP_ACCT,W1200
14131,P_LandedCostClearing_Acct,,Expense,,Yes,No,P_LandedCostClearing_Acct,W1200
